,score,R2_log,R2_seconds,spearman,MAE_log10,median_x_err,within_2x_%,within_10x_%,worse_100x_%,timeouts_caught,false_timeout
compact__ET,89.05442972334964,0.8849079976587996,0.2656533911318426,0.932306366626911,0.2071470816788173,1.1148364383136902,79.37158469945356,94.74043715846994,0.546448087431694,0.0,0.0
compact__SVR,90.6256745810865,0.9116455069098985,-0.346893070598274,0.9429560753011006,0.18209181109126743,1.1311919294125479,83.60655737704919,96.2431693989071,0.4098360655737705,8.0,2.0
compact__MLP,91.39751092160047,0.9151422414642887,0.7029667532622155,0.9462150045727794,0.16893889547254462,1.1347437536126819,85.86065573770492,95.96994535519126,0.34153005464480873,11.0,2.0
compact+probe__ET,92.32011241166751,0.9400979121369183,0.28151535631459024,0.9652456461561156,0.1419337489574181,1.0707299369895709,84.2896174863388,97.06284153005464,0.1366120218579235,0.0,0.0
compact+probe__SVR,93.29794976241908,0.9539391637620794,0.43483665322682163,0.9665249054999201,0.13001915055743904,1.1169408783583268,88.3879781420765,98.15573770491804,0.06830601092896176,10.0,0.0
compact+probe__MLP,93.59989633233185,0.9539267224225896,0.8495064037333584,0.9704915573099548,0.12432694439018897,1.1150745218520846,89.48087431693989,98.36065573770492,0.273224043715847,12.0,1.0
generic+probe__MLP,93.6202754465661,0.9498720219676438,0.6369039103497102,0.9673858481672799,0.1229910030809377,1.1079172925968261,90.64207650273224,97.95081967213115,0.273224043715847,9.0,1.0
compact+probe blend .25SVR/.5MLP/.25ET,93.80067619526972,0.9599189190004463,0.5867095241441032,0.9732284762318203,0.11795725070860145,1.0981517559693537,89.61748633879782,98.5655737704918,0.1366120218579235,7.0,0.0
compact+probe blend .5SVR/.5MLP,93.79388992839844,0.9592933065450961,0.6458966118532598,0.9716380531071591,0.12009960061550462,1.1080283807946527,89.8224043715847,98.63387978142076,0.1366120218579235,8.0,1.0
