features,model,cv5,t16,t64,t512,larger,lo_qasm3,lo_other_qasm2,lo_sycamore_like_qasm2
compact,MLP,91.4,92.78,91.52,89.55,87.47,76.67,68.21,85.94
compact,blend[MLP+SVR],91.34,92.89,91.52,89.23,85.24,74.19,65.51,86.22
compact,blend[MLP+SVR+ET],91.08,92.63,91.19,89.04,85.23,76.32,67.23,86.89
compact,blend[MLP+LatentMLP-2],90.79,91.9,90.68,89.55,86.65,75.61,69.82,84.65
compact,blend[MLP+ET],90.72,92.27,90.81,88.72,85.85,76.99,69.69,86.89
compact,blend[MLP+LatentMLP-2+ET],90.69,91.97,90.53,89.32,86.05,76.7,70.07,85.86
compact,SVR,90.63,92.28,90.81,88.38,82.48,67.41,55.9,77.19
compact,blend[SVR+ET],90.5,92.08,90.58,88.46,83.81,73.36,63.79,85.76
compact,SVD-10+SVR,89.64,92.0,90.17,86.13,84.08,69.58,60.91,85.78
compact,LatentMLP-2,89.52,89.98,89.22,89.32,85.14,73.55,69.7,82.28
compact,ET,89.05,90.63,89.05,87.14,83.31,73.16,68.3,87.49
compact,Latent-2+SVR,86.97,89.74,86.2,84.51,77.19,64.26,58.13,70.16
compact+probe,blend[MLP+SVR],93.79,94.19,93.27,93.95,88.5,78.76,73.25,82.58
compact+probe,blend[MLP+SVR+ET],93.71,94.07,93.21,93.89,87.93,78.4,74.79,86.77
compact+probe,MLP,93.6,94.02,93.31,93.44,90.21,79.97,76.4,81.68
compact+probe,blend[MLP+ET],93.46,93.81,93.04,93.55,87.79,78.72,77.41,87.51
compact+probe,blend[SVR+ET],93.35,93.69,92.76,93.65,86.43,76.8,71.77,88.93
compact+probe,SVR,93.3,93.76,92.48,93.73,86.31,76.17,66.08,83.46
compact+probe,ET,92.32,92.63,91.8,92.58,83.32,76.02,76.0,88.13
generic,MLP,92.08,92.78,92.1,91.19,89.72,72.49,63.05,55.62
generic,blend[MLP+SVR],91.77,92.59,91.87,90.63,89.35,66.25,62.28,64.8
generic,blend[MLP+SVR+ET],91.74,92.75,91.73,90.5,87.62,69.71,64.29,71.6
generic,blend[MLP+LatentMLP-2+ET],91.45,92.84,90.66,90.7,87.56,72.48,66.43,68.85
generic,blend[MLP+LatentMLP-2],91.43,92.84,90.15,91.26,89.2,70.26,65.07,54.74
generic,blend[MLP+ET],91.38,92.58,91.32,90.0,86.31,74.28,65.76,72.79
generic,blend[SVR+ET],90.93,92.22,90.85,89.47,85.84,67.05,63.45,72.69
generic,SVR,90.56,91.69,90.62,89.11,87.51,57.72,58.71,55.78
generic,SVD-10+SVR,90.53,91.23,90.98,89.12,86.85,60.62,58.1,63.34
generic,SVD-20+SVR,90.25,91.11,90.6,88.76,87.01,60.52,59.97,67.53
generic,LatentMLP-2,90.15,92.64,87.12,90.8,87.46,67.06,66.34,53.92
generic,ET,89.38,91.17,89.16,87.45,81.54,73.59,66.86,84.22
generic,Latent-2+SVR,87.3,89.34,86.13,86.21,83.53,50.77,57.61,61.31
generic+probe,blend[MLP+SVR+ET],93.72,93.84,93.2,94.22,87.41,70.84,70.5,74.41
generic+probe,blend[MLP+ET],93.65,93.59,93.32,94.11,86.44,75.37,72.69,72.77
generic+probe,MLP,93.62,93.53,93.52,93.85,87.91,74.38,68.7,50.48
generic+probe,blend[MLP+SVR],93.46,93.62,92.94,93.9,88.45,67.45,67.4,65.04
generic+probe,blend[SVR+ET],93.31,93.57,92.56,93.92,86.2,68.67,70.6,77.53
generic+probe,ET,92.51,92.7,91.9,93.03,82.68,75.65,75.57,89.94
generic+probe,SVR,92.51,92.81,91.62,93.21,87.95,59.17,64.88,57.61
