filename,fold
0071a13b.qasm,2
00c20ece.qasm,2
03042ac9.qasm,0
03934028.qasm,3
03ee478e.qasm,4
04276362.qasm,2
0491d461.qasm,2
0525d9ee.qasm,4
0534bf07.qasm,1
055dc894.qasm,0
056c2b99.qasm,4
058c7d32.qasm,2
067475b0.qasm,1
06857ab2.qasm,2
06a7dabf.qasm,1
06e45cf2.qasm,4
0732491c.qasm,0
07fc5b22.qasm,2
08239e90.qasm,3
0885b672.qasm,0
0a0f4c36.qasm,1
0b0e43d6.qasm,2
0b325fdd.qasm,0
0bde3200.qasm,4
0c0ce4a1.qasm,2
0c676248.qasm,1
0cc92082.qasm,2
0cd81bd7.qasm,2
0d08bd43.qasm,0
0d094263.qasm,0
0d6f51b4.qasm,2
0e8ddfa3.qasm,4
0ee54ab9.qasm,2
0f6ae53c.qasm,0
10761caa.qasm,0
10ea3498.qasm,1
1154e9d9.qasm,3
12157215.qasm,0
125f60d7.qasm,3
138d2c7b.qasm,3
13b8e3f8.qasm,0
13eb49aa.qasm,0
14019fed.qasm,0
149b1e7c.qasm,1
15434610.qasm,2
159b3481.qasm,0
15c28669.qasm,1
1619b169.qasm,0
166e9d3a.qasm,1
1688d759.qasm,0
16ff70bb.qasm,0
17253376.qasm,3
173d4b8b.qasm,4
175f2997.qasm,3
17e5a14b.qasm,4
195099c8.qasm,3
19550378.qasm,3
1959a985.qasm,0
19d587f3.qasm,3
1a554de5.qasm,1
1aa22822.qasm,1
1af5b336.qasm,3
1b91945f.qasm,1
1cb3c32c.qasm,0
1d1dc1d8.qasm,2
1d4b1889.qasm,4
1db5f683.qasm,4
1f1383d7.qasm,1
1fd34b96.qasm,0
20448412.qasm,1
2059c310.qasm,2
2078a631.qasm,4
208334f1.qasm,1
2190b5a7.qasm,4
231bbda3.qasm,4
235dda60.qasm,2
24ca3082.qasm,0
25e26219.qasm,0
25e5b703.qasm,4
264ca70e.qasm,4
27a012bc.qasm,1
27dbf314.qasm,2
27e0ec8e.qasm,4
2818a462.qasm,3
28f914b0.qasm,3
29886bb3.qasm,1
29a887f9.qasm,4
2a04dd73.qasm,1
2a0e53ef.qasm,0
2a48defb.qasm,1
2af6859b.qasm,2
2afe3d2e.qasm,3
2b148d98.qasm,3
2b2951ed.qasm,1
2bc3295c.qasm,4
2cbfff1b.qasm,2
2cedce95.qasm,3
2d399444.qasm,2
2ea1bf91.qasm,1
3026aed7.qasm,3
306ac152.qasm,0
3099a023.qasm,4
31b8fb3c.qasm,4
31fd025e.qasm,2
320de9fb.qasm,1
32de9cc1.qasm,0
32f44532.qasm,3
336f664c.qasm,0
33a2f9be.qasm,1
33c62fb8.qasm,2
3436484d.qasm,1
36d0ea8f.qasm,4
36e23777.qasm,4
371eea68.qasm,1
376d7d92.qasm,1
37bd268c.qasm,2
3814b0b9.qasm,4
383bbcad.qasm,0
3841ff5b.qasm,3
385fa1b6.qasm,4
386534f5.qasm,4
3a8d3e53.qasm,3
3be98d6c.qasm,0
3c1f4948.qasm,2
3c2f55c1.qasm,0
3c890561.qasm,3
3ccd19ee.qasm,3
3db115f1.qasm,4
3e2fde05.qasm,0
3e730381.qasm,0
3eb6cff0.qasm,0
3eca4614.qasm,4
3ee85ccf.qasm,0
3f072f57.qasm,3
3f858470.qasm,3
40b719e2.qasm,4
40e78b26.qasm,0
41bd27aa.qasm,1
42a256ea.qasm,0
42a71e24.qasm,4
42fa6cae.qasm,1
43168c33.qasm,0
4318a3ef.qasm,2
4327c91d.qasm,3
432efc30.qasm,3
445caba2.qasm,4
448ebca1.qasm,4
46073cb3.qasm,2
46188cf9.qasm,1
46de7f9b.qasm,4
4737100f.qasm,0
474aa01a.qasm,1
4846208f.qasm,0
4a262567.qasm,4
4a5eba47.qasm,1
4ae57e38.qasm,4
4cbdcf4f.qasm,2
4d59437e.qasm,1
4d78cdd5.qasm,0
4dc2ff13.qasm,0
4e8df7a8.qasm,4
4f476879.qasm,2
4f48ab57.qasm,4
4f9a3ab1.qasm,0
4fd60583.qasm,3
4ffb1090.qasm,1
5050d142.qasm,3
51b16166.qasm,3
51b543de.qasm,0
52b00428.qasm,0
53442dc5.qasm,0
5357322a.qasm,0
5385a9e9.qasm,2
53e971c2.qasm,2
54c8f710.qasm,3
54f0b8c5.qasm,1
551cc6ea.qasm,4
568c1ef9.qasm,4
574915eb.qasm,2
577f5adb.qasm,3
587be285.qasm,2
588e0101.qasm,2
591d39f6.qasm,1
59267ce4.qasm,3
5a4964e2.qasm,1
5a741dbe.qasm,1
5a9f20b0.qasm,4
5b419375.qasm,1
5b482142.qasm,0
5b58ce32.qasm,0
5c176f37.qasm,4
5c2359c8.qasm,4
5cfcb9cd.qasm,4
5d14d092.qasm,0
5d2b11a2.qasm,4
5d565485.qasm,4
5da1db4b.qasm,3
5e3dc35d.qasm,1
5e4c8439.qasm,4
5e6b0a76.qasm,2
5eaee29f.qasm,4
5ed4dd47.qasm,0
5ee9c404.qasm,0
5ef5ff7c.qasm,4
5f0ad979.qasm,1
5f39af5c.qasm,4
5f6a8a9b.qasm,2
5f79d6db.qasm,3
613afa2d.qasm,2
622c4417.qasm,0
635bd24f.qasm,3
637811d8.qasm,3
63aaa50d.qasm,1
64273f69.qasm,0
6457f235.qasm,4
64731b8d.qasm,4
64f32748.qasm,4
6533abd6.qasm,3
65dcd512.qasm,4
661be484.qasm,3
66343f14.qasm,2
6694b099.qasm,3
67346cae.qasm,1
6740a375.qasm,1
6785591a.qasm,1
67b5fe45.qasm,3
67f3547d.qasm,0
68528bdf.qasm,4
699bd83c.qasm,1
69c7223c.qasm,3
69c8191e.qasm,1
69cf1b12.qasm,3
69e799fa.qasm,0
6a5034af.qasm,0
6bc3891b.qasm,4
6c69bcc7.qasm,0
6c848dc7.qasm,2
6d2833ea.qasm,0
6da6ce61.qasm,4
6de17b5a.qasm,3
6ee18f92.qasm,2
6f16ddc6.qasm,3
6f6328cc.qasm,2
6fef948c.qasm,0
700c376b.qasm,1
7063be19.qasm,3
70d5d461.qasm,4
711cdd0b.qasm,0
72b5f996.qasm,1
72cc2f13.qasm,3
72d8892d.qasm,1
73191d24.qasm,3
7337baba.qasm,2
733f4518.qasm,1
73f498a0.qasm,0
742bfb51.qasm,1
749ea355.qasm,2
7513561e.qasm,1
75137edd.qasm,2
751d7ced.qasm,1
752a65aa.qasm,3
7548d858.qasm,2
758554e0.qasm,3
75bd5cbf.qasm,0
76034335.qasm,2
76d0b692.qasm,0
77a3a480.qasm,3
78adf5c7.qasm,4
78f96e37.qasm,1
79b12d71.qasm,0
7a0c7e70.qasm,2
7a1c98cc.qasm,2
7a79f013.qasm,2
7aad2132.qasm,1
7afdbe61.qasm,0
7b19558f.qasm,3
7bab61ca.qasm,0
7be7d477.qasm,4
7bf0f1bc.qasm,0
7c9f6bae.qasm,2
7d6d9a38.qasm,0
7db40afb.qasm,2
7fdad0c4.qasm,3
81af3d74.qasm,3
81f388c7.qasm,1
81fdeb0a.qasm,3
827a3442.qasm,0
82b89c68.qasm,2
831c33e1.qasm,3
8335b01d.qasm,4
834596bc.qasm,0
83b22dc5.qasm,3
8400dcc1.qasm,3
8422040e.qasm,0
84fe3fba.qasm,0
85317608.qasm,2
85863407.qasm,4
860cc392.qasm,3
86464ad3.qasm,2
871618c1.qasm,4
8732dc00.qasm,1
884b47f6.qasm,2
885efe5b.qasm,0
8930abda.qasm,4
896404d8.qasm,3
8a146ce3.qasm,4
8a1c1c3f.qasm,2
8a2ab626.qasm,4
8b77bf87.qasm,0
8bd576fc.qasm,4
8c01a935.qasm,2
8d5010bc.qasm,2
8d9d4033.qasm,1
8e84b85a.qasm,4
8e9564e3.qasm,3
8f4e1b64.qasm,3
8f564e3e.qasm,0
8f8fbcbd.qasm,2
8fb9e9ac.qasm,4
9143d50f.qasm,1
917fa943.qasm,1
92f98bb3.qasm,3
933b305c.qasm,3
93865be7.qasm,4
9395edc6.qasm,0
93c78575.qasm,2
9429600a.qasm,2
94f4e26a.qasm,0
950704f2.qasm,3
954ad251.qasm,2
957c248b.qasm,2
964382be.qasm,1
965eb08c.qasm,0
96876fa5.qasm,1
96f82da7.qasm,0
981d8651.qasm,2
9a442b56.qasm,2
9c6b6510.qasm,0
9ccf974e.qasm,1
9d76010e.qasm,3
9d7cbc78.qasm,1
9d7e60b6.qasm,3
9e3be92a.qasm,3
9ea3bed5.qasm,4
9f744e04.qasm,3
a0a79499.qasm,4
a0b53b67.qasm,4
a169a3ba.qasm,3
a1b3d3aa.qasm,2
a1bc8d56.qasm,4
a3cb01ca.qasm,3
a409aaa1.qasm,3
a440a477.qasm,3
a44fdc9f.qasm,3
a4f95806.qasm,1
a75c691c.qasm,0
a8818670.qasm,2
a8b40b61.qasm,2
a8dfab96.qasm,0
a9091180.qasm,1
aa41f5f1.qasm,3
aac529b2.qasm,1
aaf05f5c.qasm,4
ab65fd24.qasm,1
ab8a1b3c.qasm,4
ab964bf6.qasm,2
aceda861.qasm,2
ad2439c7.qasm,1
ad74d7c1.qasm,1
aed3c1af.qasm,1
af2659f0.qasm,3
af88ad19.qasm,0
af8b17d0.qasm,2
b06c81ca.qasm,2
b11883af.qasm,1
b1ea1d60.qasm,4
b2346111.qasm,1
b38d732e.qasm,0
b469b640.qasm,4
b4976343.qasm,0
b4c090da.qasm,4
b5baa095.qasm,1
b5be0645.qasm,1
b601af0f.qasm,1
b630efea.qasm,2
b680d160.qasm,1
b7694c8e.qasm,1
b792cc98.qasm,1
b97c72bf.qasm,2
b9ba0e84.qasm,3
ba0c09b8.qasm,2
bb291a8b.qasm,4
bb50273f.qasm,2
bc99b330.qasm,3
bc9dd950.qasm,1
bd32080b.qasm,4
bd462bd7.qasm,1
bdd2c3ff.qasm,3
be527b4d.qasm,4
bf029799.qasm,2
bf0f8df9.qasm,3
bf9674e9.qasm,4
c05aa9cf.qasm,2
c0a1d157.qasm,2
c0ffe57a.qasm,0
c20bb346.qasm,2
c246552a.qasm,2
c39fa73b.qasm,0
c3c0513f.qasm,0
c40ecada.qasm,4
c4c36286.qasm,1
c4ff2c11.qasm,3
c6678d16.qasm,3
c676cfb4.qasm,3
c7670b0a.qasm,4
c7a93f95.qasm,0
c7bddf55.qasm,4
c82bb473.qasm,1
c84ad65b.qasm,2
c8afe1ad.qasm,4
c945995d.qasm,1
c95f41f8.qasm,4
c96fe790.qasm,4
c999af32.qasm,4
ca0a2ce5.qasm,2
ca634f4d.qasm,4
ca8c6d9a.qasm,3
ca980007.qasm,0
cab2b6e9.qasm,4
cb2b300f.qasm,1
cc5bc6eb.qasm,3
ccfd978a.qasm,1
cd51d9b8.qasm,0
cd592018.qasm,1
cd5b55b6.qasm,2
ce4f4dde.qasm,3
ce7207a3.qasm,2
cee426fe.qasm,2
cf2c4cc9.qasm,3
cf5bfeb1.qasm,2
d168a391.qasm,4
d20d9d2e.qasm,1
d21812d8.qasm,4
d2ffaf7e.qasm,2
d3f98c63.qasm,3
d3f998bc.qasm,0
d49ba491.qasm,1
d4a7f2c7.qasm,4
d706049b.qasm,0
d70a0bd6.qasm,3
d7fe8918.qasm,1
d87e1b4b.qasm,4
d9b603b5.qasm,4
d9c77e07.qasm,1
da0e58a0.qasm,4
da213329.qasm,3
da3a2f77.qasm,4
da4d0871.qasm,4
da505823.qasm,4
da601912.qasm,0
dae23358.qasm,4
db12c1f0.qasm,2
db6ca211.qasm,3
dbcc99b4.qasm,1
dc86453a.qasm,3
de690b52.qasm,0
deb00fe1.qasm,1
df1a7a89.qasm,4
df43c2c2.qasm,2
df458745.qasm,2
df75e229.qasm,0
e10d312f.qasm,1
e260fc6a.qasm,0
e3863462.qasm,4
e3b97044.qasm,0
e4a4359e.qasm,3
e4b50619.qasm,0
e61acd2b.qasm,3
e66c3381.qasm,3
e698c12d.qasm,4
e7296260.qasm,2
e751ad87.qasm,0
e7540ce6.qasm,4
e815593a.qasm,3
e893b1a5.qasm,3
ea801020.qasm,2
eb153d64.qasm,1
ebb0ac17.qasm,3
ebc18fd7.qasm,2
ebc3e166.qasm,1
ec70915a.qasm,1
eca6fb66.qasm,2
ed52defd.qasm,3
eefd994e.qasm,0
ef8d10d7.qasm,4
efafd44f.qasm,1
f030e083.qasm,0
f05a6196.qasm,2
f0c5e28f.qasm,2
f0e878db.qasm,0
f0e91b40.qasm,1
f1167cc3.qasm,1
f163436d.qasm,1
f1bcea54.qasm,3
f27a09cf.qasm,0
f2a5a67a.qasm,1
f5398281.qasm,3
f5aeb6f0.qasm,1
f5d72dae.qasm,2
f67ec297.qasm,0
f7ff0727.qasm,2
f8a38627.qasm,2
f8d235ae.qasm,4
f98536e0.qasm,3
f9fee41b.qasm,2
fabdaac7.qasm,0
fadf1f0d.qasm,3
fb107df5.qasm,2
fb7e6eb0.qasm,2
fb8a2851.qasm,3
fb9223a1.qasm,3
fb9be929.qasm,4
fbcf0ea3.qasm,2
fbdc2a1f.qasm,2
fbe1d41c.qasm,0
fc1ce5ab.qasm,1
fc330f35.qasm,1
fc56714f.qasm,0
fc5872f2.qasm,1
fc66bdd4.qasm,3
fdf0b97e.qasm,2
ffe82f32.qasm,3
